DELETE FROM address;
INSERT INTO address (address_id, country, city, street, postal_code, house, flat, block)VALUES ('0854f660-5e91-4e95-a466-75fc5ac2f22c', 'Russia', 'Perm','Pushkina',123456,115,82,null);
INSERT INTO address (address_id, country, city, street, postal_code, house, flat, block)VALUES ('00167fd4-41ea-4ae4-8d4c-e0371482fd8a', 'Russia', 'Piter','Bolshaya',654321,100,1,3);
INSERT INTO address (address_id, country, city, street, postal_code, house, flat, block)VALUES ('aaa121ff-44ab-450f-b2fb-b4960b04df58', 'Russia', 'Ekb','Lenina',918273,14,12,null);
INSERT INTO address (address_id, country, city, street, postal_code, house, flat, block)VALUES ('91f3819b-7bd1-4c00-aa20-052f113fabff', 'Russia', 'Moscow','Lenina',123456,115,82,null);
INSERT INTO address (address_id, country, city, street, postal_code, house, flat, block)VALUES ('3e7372b5-7f0e-4de5-8340-4c1f13f55ab0', 'Russia', 'Nov','Lenina',123456,115,82,null);
INSERT INTO address (address_id, country, city, street, postal_code, house, flat, block)VALUES ('ee54b0c9-67c1-4cf6-b6b1-1bfb044253ab', 'Russia', 'Kirov','Lenina',123456,115,82,null);
INSERT INTO address (address_id, country, city, street, postal_code, house, flat, block)VALUES ('65bbf733-901b-46f7-9612-65eee304f2df', 'Russia', 'Vladiv','Lenina',123456,115,82,null);
INSERT INTO address (address_id, country, city, street, postal_code, house, flat, block)VALUES ('c68b3a92-7e16-4600-8a2b-3b496d6615c7', 'Russia', 'Kursk','Lenina',123456,115,82,null);
INSERT INTO address (address_id, country, city, street, postal_code, house, flat, block)VALUES ('d44a073f-ca6d-4549-9069-4365760cd235', 'Russia', 'Chel','Lenina',123456,115,82,null);
INSERT INTO address (address_id, country, city, street, postal_code, house, flat, block)VALUES ('fe7aaf79-e0ec-4675-a4fc-a428b0c4c46a', 'Russia', 'Riga','Lenina',123456,115,82,null);
INSERT INTO address (address_id, country, city, street, postal_code, house, flat, block)VALUES ('25c2e259-bfe3-41b0-b39b-ba3d896195e7', 'Russia', 'Moscow','Lenina',123456,115,82,null);
INSERT INTO address (address_id, country, city, street, postal_code, house, flat, block)VALUES ('6bf88ab5-781d-42c3-ad14-532ae44f54ab', 'Russia', 'Tula','Lenina',123456,115,82,null);
INSERT INTO address (address_id, country, city, street, postal_code, house, flat, block)VALUES ('1dafe61f-ae2b-494d-a0ae-c137d76565e6', 'Russia', 'Anapa','Lenina',123456,115,82,null);

DELETE FROM person;
INSERT INTO person (person_id, phone, name, surname, patronymic, email, role,address_id)VALUES ('d6d83746-d862-4562-99d4-4ec5a664a59a',  79922098031, 'Natalia', 'Ponomareva', 'Aleksandrovna', 'ttnpnm@yandex.ru', 'ROLE_USER','0854f660-5e91-4e95-a466-75fc5ac2f22c');
INSERT INTO person (person_id, phone, name, surname, patronymic, email, role,address_id)VALUES ('f5bffea0-c09e-4f92-9722-1c91ed0a7d2a',  79638776250, 'Tatiana', 'Ponomareva', 'Victorovna', 'Smokdog@mac.com', 'ROLE_USER','0854f660-5e91-4e95-a466-75fc5ac2f22c');
INSERT INTO person (person_id, phone, name, surname, patronymic, email, role,address_id)VALUES ('39002758-de86-4f0c-afbd-2ed7eade6b39',  79638725951, 'Tatyana', 'Mamykina', 'Igorevna', 'tanya_mamykina92@inbox.ru',  'ROLE_USER','00167fd4-41ea-4ae4-8d4c-e0371482fd8a');
INSERT INTO person (person_id, phone, name, surname, patronymic, email, role,address_id)VALUES ('162a0aa9-833b-4472-9af7-9737221c6c90',  123456789, 'test1', 'test1', 'One', 'mitry1974@yandex.ru',  'ROLE_USER','00167fd4-41ea-4ae4-8d4c-e0371482fd8a');
INSERT INTO person (person_id, phone, name, surname, patronymic, email, role,address_id)VALUES ('33683537-02bd-4703-bfef-deee737af53f',  1234566748, 'Egor', 'Averchenko', 'Victorovich', 'garynych48@mail.ru',  'ROLE_USER','00167fd4-41ea-4ae4-8d4c-e0371482fd8a');
INSERT INTO person (person_id, phone, name, surname, patronymic, email, role,address_id)VALUES ('3e16bc0a-b3d1-4b3c-a90c-78806297c254',  1234566789, 'Karlen', 'Mkrtchian', 'M', 'greenbank@karlen.dev',  'ROLE_USER','00167fd4-41ea-4ae4-8d4c-e0371482fd8a');
INSERT INTO person (person_id, phone, name, surname, patronymic, email, role,address_id)VALUES ('726b2b25-1319-40f9-b5fa-b1162f264e8b',  89656453627, 'Ivan', 'Ivanov', 'string', 'ivantestovich78@yandex.ru',  'ROLE_USER','00167fd4-41ea-4ae4-8d4c-e0371482fd8a');
INSERT INTO person (person_id, phone, name, surname, patronymic, email, role,address_id)VALUES ('735256d8-dbd3-469a-90c1-0cf2595ce63c',  0, 'string', 'nikolai', 'string', 'mkh084@proton.me',  'ROLE_USER','00167fd4-41ea-4ae4-8d4c-e0371482fd8a');
INSERT INTO person (person_id, phone, name, surname, patronymic, email, role,address_id)VALUES ('82be452a-07b7-4519-b2e6-4c8215e616ce',  0, 'Ilya', 'Yuryev', 'string', 'cujah@mail.ru',  'ROLE_USER','00167fd4-41ea-4ae4-8d4c-e0371482fd8a');
INSERT INTO person (person_id, phone, name, surname, patronymic, email, role,address_id)VALUES ('88ff757d-5aed-40cb-875a-26b392902672',  1234566789, 'Vadim', 'V', 'M', 'tcomig15293@5k2u.com',  'ROLE_USER','00167fd4-41ea-4ae4-8d4c-e0371482fd8a');
INSERT INTO person (person_id, phone, name, surname, patronymic, email, role,address_id)VALUES ('8d863a35-3adc-419a-99b3-acf28fbfa663',  0, 'string', 'nikolai', 'string', 'NVevernote@proton.me',  'ROLE_USER','00167fd4-41ea-4ae4-8d4c-e0371482fd8a');
INSERT INTO person (person_id, phone, name, surname, patronymic, email, role,address_id)VALUES ('dd626df4-aaa0-4608-856f-80007b25942b',  0, 'string', 'string', 'string', 'mitrio78@gmail.com',  'ROLE_USER','00167fd4-41ea-4ae4-8d4c-e0371482fd8a');
INSERT INTO person (person_id, phone, name, surname, patronymic, email, role,address_id)VALUES ('fe3efa0d-7f10-4942-afbb-66cd9425553c',  0, 'string', 'string', 'string', 'mkh084test@test.me',  'ROLE_USER','00167fd4-41ea-4ae4-8d4c-e0371482fd8a');

DELETE FROM passport;
INSERT INTO passport (passport_id, date_of_birth, serial_number, department_code, department_issued,person_id, address_id)VALUES ('74ce3f2a-f20a-430c-8ef5-1d835ed67fcf', '14.11.1997','1234 12345',918,'PKM', 'd6d83746-d862-4562-99d4-4ec5a664a59a', '00167fd4-41ea-4ae4-8d4c-e0371482fd8a');
INSERT INTO passport (passport_id, date_of_birth, serial_number, department_code, department_issued,person_id, address_id)VALUES ('6d600361-4d85-4dad-9888-bbad43352813', '14.07.1999','3214 94856',542,'PKM', 'f5bffea0-c09e-4f92-9722-1c91ed0a7d2a', '0854f660-5e91-4e95-a466-75fc5ac2f22c');
INSERT INTO passport (passport_id, date_of_birth, serial_number, department_code, department_issued,person_id, address_id)VALUES ('40d3674b-120e-48b4-b738-113fc79a4a08', '14.08.1954','4758 10985',173,'PKM', '39002758-de86-4f0c-afbd-2ed7eade6b39', 'aaa121ff-44ab-450f-b2fb-b4960b04df58');
INSERT INTO passport (passport_id, date_of_birth, serial_number, department_code, department_issued,person_id, address_id)VALUES ('5d8adbab-2e66-479d-9f89-6b4bf60665be', '14.08.1999','1236 10985',123,'PKM', '162a0aa9-833b-4472-9af7-9737221c6c90', '91f3819b-7bd1-4c00-aa20-052f113fabff');
INSERT INTO passport (passport_id, date_of_birth, serial_number, department_code, department_issued,person_id, address_id)VALUES ('33a8dc75-c844-450b-8ce0-4c950d5b9bca', '14.08.1999','4738 10985',873,'PKM', '33683537-02bd-4703-bfef-deee737af53f', '3e7372b5-7f0e-4de5-8340-4c1f13f55ab0');
INSERT INTO passport (passport_id, date_of_birth, serial_number, department_code, department_issued,person_id, address_id)VALUES ('261c7439-5a10-437d-88dc-647b9bff626a', '14.08.1999','4543 10985',123,'PKM', '3e16bc0a-b3d1-4b3c-a90c-78806297c254', 'ee54b0c9-67c1-4cf6-b6b1-1bfb044253ab');
INSERT INTO passport (passport_id, date_of_birth, serial_number, department_code, department_issued,person_id, address_id)VALUES ('615ed059-08df-436c-8632-83f8f2578edd', '14.08.1991','4138 10985',123,'PKM', '726b2b25-1319-40f9-b5fa-b1162f264e8b', '65bbf733-901b-46f7-9612-65eee304f2df');
INSERT INTO passport (passport_id, date_of_birth, serial_number, department_code, department_issued,person_id, address_id)VALUES ('a017dff9-e91f-4b3d-9f1c-57d9bb147ef8', '14.08.1439','4758 10985',123,'PKM', '735256d8-dbd3-469a-90c1-0cf2595ce63c', 'c68b3a92-7e16-4600-8a2b-3b496d6615c7');
INSERT INTO passport (passport_id, date_of_birth, serial_number, department_code, department_issued,person_id, address_id)VALUES ('8500e1d1-0552-45fa-9f34-210b3995a4fd', '14.08.1999','4758 85755',183,'PKM', '82be452a-07b7-4519-b2e6-4c8215e616ce', 'd44a073f-ca6d-4549-9069-4365760cd235');
INSERT INTO passport (passport_id, date_of_birth, serial_number, department_code, department_issued,person_id, address_id)VALUES ('822155a3-63c9-45e4-8452-6fd688e0c3f6', '14.08.1679','4758 15655',193,'PKM', '88ff757d-5aed-40cb-875a-26b392902672', 'fe7aaf79-e0ec-4675-a4fc-a428b0c4c46a');
INSERT INTO passport (passport_id, date_of_birth, serial_number, department_code, department_issued,person_id, address_id)VALUES ('22edb466-a28f-484e-8c3d-bad29e2716cf', '14.08.1969','4758 10985',123,'PKM', '8d863a35-3adc-419a-99b3-acf28fbfa663', '25c2e259-bfe3-41b0-b39b-ba3d896195e7');
INSERT INTO passport (passport_id, date_of_birth, serial_number, department_code, department_issued,person_id, address_id)VALUES ('1db7bd87-325d-47cf-ac53-62350b6bbab2', '14.08.1499','4758 19755',133,'PKM', 'dd626df4-aaa0-4608-856f-80007b25942b', '6bf88ab5-781d-42c3-ad14-532ae44f54ab');
INSERT INTO passport (passport_id, date_of_birth, serial_number, department_code, department_issued,person_id, address_id)VALUES ('2cfb06ac-b810-435c-8d14-23b091809f18', '14.08.1298','4758 23485',103,'PKM', 'fe3efa0d-7f10-4942-afbb-66cd9425553c', '1dafe61f-ae2b-494d-a0ae-c137d76565e6');

DELETE FROM    notification_settings;
INSERT INTO notification_settings(notification_settings_id, default_type_of_confirmation, confirmation_lock, email_lock, email_lock_time, push_lock, push_lock_time, person_id) VALUES ('1b2a2883-414e-4045-80cc-7c1cdda8733f','email','NONE', false,'', false,'','726b2b25-1319-40f9-b5fa-b1162f264e8b');
INSERT INTO notification_settings(notification_settings_id, default_type_of_confirmation, confirmation_lock, email_lock, email_lock_time, push_lock, push_lock_time, person_id) VALUES ('2dd49794-8694-42e2-8193-75760cad693d','email','NONE', false,'', false,'','f5bffea0-c09e-4f92-9722-1c91ed0a7d2a');
INSERT INTO notification_settings(notification_settings_id, default_type_of_confirmation, confirmation_lock, email_lock, email_lock_time, push_lock, push_lock_time, person_id) VALUES ('bb68984f-9514-4aba-9b43-38aef0ffadcf','email','NONE', false,'', false,'','39002758-de86-4f0c-afbd-2ed7eade6b39');
INSERT INTO notification_settings(notification_settings_id, default_type_of_confirmation, confirmation_lock, email_lock, email_lock_time, push_lock, push_lock_time, person_id) VALUES ('33a144af-74f0-44b0-b69c-c1a671e9baa9','email','NONE', false,'', false,'','162a0aa9-833b-4472-9af7-9737221c6c90');
INSERT INTO notification_settings(notification_settings_id, default_type_of_confirmation, confirmation_lock, email_lock, email_lock_time, push_lock, push_lock_time, person_id) VALUES ('581c634d-6311-4b75-bfd3-e6ac6448c882','email','NONE', false,'', false,'','33683537-02bd-4703-bfef-deee737af53f');
INSERT INTO notification_settings(notification_settings_id, default_type_of_confirmation, confirmation_lock, email_lock, email_lock_time, push_lock, push_lock_time, person_id) VALUES ('c2941fab-4447-44c1-9a6f-fa1e0e4fd975','email','NONE', false,'', false,'','3e16bc0a-b3d1-4b3c-a90c-78806297c254');
INSERT INTO notification_settings(notification_settings_id, default_type_of_confirmation, confirmation_lock, email_lock, email_lock_time, push_lock, push_lock_time, person_id) VALUES ('5505f8d9-213a-4700-a124-45c7908b7b73','email','NONE', false,'', false,'','735256d8-dbd3-469a-90c1-0cf2595ce63c');
INSERT INTO notification_settings(notification_settings_id, default_type_of_confirmation, confirmation_lock, email_lock, email_lock_time, push_lock, push_lock_time, person_id) VALUES ('6108b02d-a86a-4543-b58b-779bebc4a4ff','email','NONE', false,'', false,'','82be452a-07b7-4519-b2e6-4c8215e616ce');
INSERT INTO notification_settings(notification_settings_id, default_type_of_confirmation, confirmation_lock, email_lock, email_lock_time, push_lock, push_lock_time, person_id) VALUES ('a367c49c-f42e-404b-be8c-4b884cf320f7','email','NONE', false,'', false,'','88ff757d-5aed-40cb-875a-26b392902672');
INSERT INTO notification_settings(notification_settings_id, default_type_of_confirmation, confirmation_lock, email_lock, email_lock_time, push_lock, push_lock_time, person_id) VALUES ('968b4062-5887-4677-bcbe-28ff65f0a99b','email','NONE', false,'', false,'','8d863a35-3adc-419a-99b3-acf28fbfa663');
INSERT INTO notification_settings(notification_settings_id, default_type_of_confirmation, confirmation_lock, email_lock, email_lock_time, push_lock, push_lock_time, person_id) VALUES ('1053cd94-b07e-42fe-85e4-3bebd8370c1c','email','NONE', false,'', false,'','d6d83746-d862-4562-99d4-4ec5a664a59a');
INSERT INTO notification_settings(notification_settings_id, default_type_of_confirmation, confirmation_lock, email_lock, email_lock_time, push_lock, push_lock_time, person_id) VALUES ('b9c71e79-05ba-4d7c-9d19-c0bd24b69cf5','email','NONE', false,'', false,'','dd626df4-aaa0-4608-856f-80007b25942b');
INSERT INTO notification_settings(notification_settings_id, default_type_of_confirmation, confirmation_lock, email_lock, email_lock_time, push_lock, push_lock_time, person_id) VALUES ('d8a9cbf5-f3d8-4433-a11e-29b0834956d4','email','NONE', false,'', false,'','fe3efa0d-7f10-4942-afbb-66cd9425553c');

DELETE FROM credentials;
INSERT INTO credentials (credentials_id, lock, lock_time, login, password, is_account_verified, temporary_password, refresh_token, person_id)VALUES ('522be286-9ae7-468b-9857-3e8586f1a6d2',false, '', 'postgres','$2a$12$SaJgBAKTMINE/Nf1.bLhG.c1zjgCLJ.l3lHAH8GYQMq.kN3YEbaH.',false,'','','d6d83746-d862-4562-99d4-4ec5a664a59a');
INSERT INTO credentials (credentials_id, lock, lock_time, login, password, is_account_verified, temporary_password, refresh_token, person_id)VALUES ('a0019849-9e82-49d6-b314-f3139f4678c2',false, '', 'ttnpnm','$2a$12$yPCb2tQjR.TW6S7xyD69CuDvS7flvmyiyxqqHPOg1lmwBfOtRglJ6',true,'','','f5bffea0-c09e-4f92-9722-1c91ed0a7d2a');
INSERT INTO credentials (credentials_id, lock, lock_time, login, password, is_account_verified, temporary_password, refresh_token, person_id)VALUES ('1eeae233-278d-4a79-9745-ca45832896fd',false, '', '11175869705452312345','$2a$12$QNFNTXqkjyB/kxBP40IpROKgCFdaTN.uVp2vGHhtEMvYKHk9UBGLW',true,'','','39002758-de86-4f0c-afbd-2ed7eade6b39');
INSERT INTO credentials (credentials_id, lock, lock_time, login, password, is_account_verified, temporary_password, refresh_token, person_id)VALUES ('37138a1a-e977-4eb4-b4db-fed26296204c',false, '', 'vadim000','$2a$10$P.ZQ2uW2XYFCfgHTPJtwHukauXDredLz2RKiWDdqZ2a/CbKWqHRWa',true,'','','88ff757d-5aed-40cb-875a-26b392902672');
INSERT INTO credentials (credentials_id, lock, lock_time, login, password, is_account_verified, temporary_password, refresh_token, person_id)VALUES ('3b579438-5e99-4d4a-a908-09b6170fcd3c',false, '', 'QAteam58','$2a$10$OupWtz4hiRLYO68ARiLYr.LhKOdv9Ll4RJdxuqtwPqLAK8C2vyUVu',true,'','','33683537-02bd-4703-bfef-deee737af53f');
INSERT INTO credentials (credentials_id, lock, lock_time, login, password, is_account_verified, temporary_password, refresh_token, person_id)VALUES ('63258f80-21b5-43bb-8392-d484b7bccff3',false, '', 'ilyaTest','$2a$10$8WyJ9OZQ1UWKScZm.HLSzOi/TSDP9QSN9D8v69MZnrRXagHjBVaXO',true,'','','82be452a-07b7-4519-b2e6-4c8215e616ce');
INSERT INTO credentials (credentials_id, lock, lock_time, login, password, is_account_verified, temporary_password, refresh_token, person_id)VALUES ('655cdfe3-62e7-4487-825c-f8a8c9e4a9a8',false, '', 'ivanovTest','$2a$10$u2K7zK8pqzkWB8NbKPKyY.Gy0GIZKgGMenMVGZwcC/rSTNPIOuIrK',true,'','','726b2b25-1319-40f9-b5fa-b1162f264e8b');
INSERT INTO credentials (credentials_id, lock, lock_time, login, password, is_account_verified, temporary_password, refresh_token, person_id)VALUES ('766a5bbf-6822-4986-bdb4-b23dcd8502da',false, '', 'kharkevich4','$2a$10$ArVXlMTNaOE98yRQw2quBOdYKgbdRXVwuU6cZ/V7gsxR6mNZjaCb6',true,'','','735256d8-dbd3-469a-90c1-0cf2595ce63c');
INSERT INTO credentials (credentials_id, lock, lock_time, login, password, is_account_verified, temporary_password, refresh_token, person_id)VALUES ('7ab57c50-a464-4e02-bb0c-b13d25880dc1',false, '', 'test1','$2a$10$eFS7wKlNXrcT5fqvq/Efx..UrEAJ3ieTVz/pWQeY6Ty/ThnMsQ92e',true,'','','162a0aa9-833b-4472-9af7-9737221c6c90');
INSERT INTO credentials (credentials_id, lock, lock_time, login, password, is_account_verified, temporary_password, refresh_token, person_id)VALUES ('95348572-3d1f-4132-a342-85f46d9c0e9b',false, '', 'iosTest','$2a$10$C7/xn3roMK3JsUEpiq5kbu.BpR2aY/K3JzLOfxUjjTmJVpJd20UsW',true,'','','8d863a35-3adc-419a-99b3-acf28fbfa663');
INSERT INTO credentials (credentials_id, lock, lock_time, login, password, is_account_verified, temporary_password, refresh_token, person_id)VALUES ('a94920ae-a478-49b4-a10a-89cb48c5f8ba',false, '', 'karlen','$2a$10$9M6YGQg5S/AC3Aeb4lE0re7MbBYEnq95ZX2JuYfx4vC3GOro6eQ6y',true,'','','3e16bc0a-b3d1-4b3c-a90c-78806297c254');
INSERT INTO credentials (credentials_id, lock, lock_time, login, password, is_account_verified, temporary_password, refresh_token, person_id)VALUES ('f2973928-8774-4ebd-8630-f9dc965807c2',false, '', 'kharkevich12','$2a$10$Xf6pOrqvFneRCgZ4MwpCIO.TvrrC0QuaZRoiMPr2HbBKLOKhfcnPm',true,'','','fe3efa0d-7f10-4942-afbb-66cd9425553c');
